rcDate,requested_meet,rcNo,chulNo,hrNo,age,sex,wgBudam,ord,winOdds,race_id,entry_id,q,win,age_percentile,burden_percentile,hr_key,burden_change,sex::거,sex::수,model_probability,market_probability
20260816,1,1,1,55918,2,암,52.5,5,4.8,20260816_1_01,20260816_1_01_01,0.1669042329209479,0,0.5,0.125,55918,-1.0,0.0,0.0,0.1580723199457921,0.1669042329209479
20260816,1,1,2,55642,2,수,54.5,8,62.7,20260816_1_01,20260816_1_01_02,0.012777357544187396,0,0.5,0.6875,55642,0.0,0.0,1.0,0.013258293262035066,0.012777357544187396
20260816,1,1,3,56231,2,암,52.5,1,4.2,20260816_1_01,20260816_1_01_03,0.19074769476679757,1,0.5,0.125,56231,-1.0,0.0,0.0,0.1806540799380481,0.19074769476679757
20260816,1,1,4,55282,2,수,54.5,6,19.1,20260816_1_01,20260816_1_01_04,0.04194451926809161,0,0.5,0.6875,55282,-1.0,0.0,1.0,0.04343089602679985,0.04194451926809161
20260816,1,1,5,55549,2,수,54.5,9,37.0,20260816_1_01,20260816_1_01_05,0.02165244102758243,0,0.5,0.6875,55549,-0.5,0.0,1.0,0.022443569782717648,0.02165244102758243
20260816,1,1,6,55540,2,암,52.5,7,18.2,20260816_1_01,20260816_1_01_06,0.044018698792337906,0,0.5,0.125,55540,-1.0,0.0,0.0,0.04168940306262651,0.044018698792337906
20260816,1,1,7,55189,2,수,54.5,4,30.8,20260816_1_01,20260816_1_01_07,0.026011049286381486,0,0.5,0.6875,55189,-1.0,0.0,1.0,0.026932795912723274,0.026011049286381486
20260816,1,1,8,55557,2,수,54.5,3,3.0,20260816_1_01,20260816_1_01_08,0.2670467726735166,0,0.5,0.6875,55557,-1.0,0.0,1.0,0.27651003803729246,0.2670467726735166
20260816,1,1,9,55760,2,수,54.5,2,3.5,20260816_1_01,20260816_1_01_09,0.22889723372015708,0,0.5,0.6875,55760,-1.0,0.0,1.0,0.23700860403196497,0.22889723372015708
20260816,1,2,1,54311,3,암,54.0,6,6.3,20260816_1_02,20260816_1_02_01,0.1264821950639854,0,0.4,0.35,54311,-1.0,0.0,0.0,0.12532421814146336,0.1264821950639854
20260816,1,2,2,54148,3,암,54.0,9,53.6,20260816_1_02,20260816_1_02_02,0.01486637740490873,0,0.4,0.35,54148,-1.0,0.0,0.0,0.014730271908418255,0.01486637740490873
20260816,1,2,3,53817,3,수,56.0,7,5.9,20260816_1_02,20260816_1_02_03,0.13505725913612,0,0.4,0.85,53817,-1.0,0.0,1.0,0.1468094778316295,0.13505725913612
20260816,1,2,4,53217,3,암,52.0,5,15.5,20260816_1_02,20260816_1_02_04,0.05140889218729729,0,0.4,0.0,53217,-3.0,0.0,0.0,0.05170974811577693,0.05140889218729729
20260816,1,2,5,53149,3,암,54.0,4,3.3,20260816_1_02,20260816_1_02_05,0.2414660087585176,0,0.4,0.35,53149,-1.0,0.0,0.0,0.2392553255427937,0.2414660087585176
20260816,1,2,6,53092,3,수,56.0,10,73.5,20260816_1_02,20260816_1_02_06,0.010841331005484463,0,0.4,0.85,53092,-1.0,0.0,1.0,0.011784706383763452,0.010841331005484463
20260816,1,2,7,51670,4,암,54.0,11,18.9,20260816_1_02,20260816_1_02_07,0.04216073168799514,0,0.9,0.35,51670,-1.0,0.0,0.0,0.0354946424699515,0.04216073168799514
20260816,1,2,8,53187,3,수,56.0,8,53.4,20260816_1_02,20260816_1_02_08,0.014922056721031985,0,0.4,0.85,53187,-1.0,0.0,1.0,0.016220522831584535,0.014922056721031985
20260816,1,2,9,56256,3,암,54.0,2,7.8,20260816_1_02,20260816_1_02_09,0.10215869601321899,0,0.4,0.35,56256,-1.0,0.0,0.0,0.10122340696041271,0.10215869601321899
20260816,1,2,10,52934,3,암,54.0,1,3.7,20260816_1_02,20260816_1_02_10,0.21536157537921835,1,0.4,0.35,52934,-1.0,0.0,0.0,0.21338988494357272,0.21536157537921835
20260816,1,2,11,1412314,5,거,56.0,3,17.6,20260816_1_02,20260816_1_02_11,0.045274876642222045,0,1.0,0.85,1412314,0.0,1.0,0.0,0.04405779487063354,0.045274876642222045
20260816,1,3,1,52908,3,암,54.0,1,12.6,20260816_1_03,20260816_1_03_01,0.06399456549159704,1,0.3333333333333333,0.3333333333333333,52908,1.0,0.0,0.0,0.05971066497217332,0.06399456549159704
20260816,1,3,2,53705,3,수,57.0,5,2.1,20260816_1_03,20260816_1_03_02,0.3839673929495823,0,0.3333333333333333,1.0,53705,3.5,0.0,1.0,0.39151943865530775,0.3839673929495823
20260816,1,3,3,52844,3,수,54.5,3,9.6,20260816_1_03,20260816_1_03_03,0.08399286720772113,0,0.3333333333333333,0.5,52844,1.0,0.0,1.0,0.08757044571908743,0.08399286720772113
20260816,1,3,4,52905,3,수,56.0,2,3.8,20260816_1_03,20260816_1_03_04,0.21219250663003233,0,0.3333333333333333,0.8333333333333334,52905,1.5,0.0,1.0,0.21743573017244616,0.21219250663003233
20260816,1,3,5,47535,5,암,52.5,8,57.7,20260816_1_03,20260816_1_03_05,0.013974549830054122,0,1.0,0.05555555555555555,47535,0.0,0.0,0.0,0.010632503484416588,0.013974549830054122
20260816,1,3,6,54543,3,수,55.5,7,7.9,20260816_1_03,20260816_1_03_06,0.10206728167014212,0,0.3333333333333333,0.6666666666666666,54543,-1.5,0.0,1.0,0.10488328832657239,0.10206728167014212
20260816,1,3,7,51126,4,암,52.5,9,48.2,20260816_1_03,20260816_1_03_07,0.016728869817305453,0,0.8333333333333334,0.05555555555555555,51126,0.0,0.0,0.0,0.013438412143141424,0.016728869817305453
20260816,1,3,8,53420,3,암,54.5,4,14.0,20260816_1_03,20260816_1_03_08,0.05759510894243734,0,0.3333333333333333,0.5,53420,1.5,0.0,0.0,0.053305009581971804,0.05759510894243734
20260816,1,3,9,52973,3,암,53.5,6,14.6,20260816_1_03,20260816_1_03_09,0.0552281866571317,0,0.3333333333333333,0.2222222222222222,52973,0.5,0.0,0.0,0.05179247803446499,0.0552281866571317
20260816,1,3,10,51778,4,거,56.0,10,78.6,20260816_1_03,20260816_1_03_10,0.010258670803996475,0,0.8333333333333334,0.8333333333333334,51778,2.0,1.0,0.0,0.00971202891041828,0.010258670803996475
20260816,1,4,1,52115,4,거,51.0,5,12.8,20260816_1_04,20260816_1_04_01,0.06282064061944478,0,0.3888888888888889,0.1111111111111111,52115,-5.0,1.0,0.0,0.06709407602830825,0.06282064061944478
20260816,1,4,2,51110,4,암,51.0,8,5.3,20260816_1_04,20260816_1_04_02,0.1517177735714893,0,0.3888888888888889,0.1111111111111111,51110,-1.5,0.0,0.0,0.13327451624940662,0.1517177735714893
20260816,1,4,3,53822,3,수,54.5,1,1.6,20260816_1_04,20260816_1_04_03,0.5025651249555583,1,0.0,0.7777777777777778,53822,-2.5,0.0,1.0,0.5435646012070747,0.5025651249555583
20260816,1,4,4,44516,7,거,51.0,10,68.3,20260816_1_04,20260816_1_04_04,0.011773121521652904,0,0.9444444444444444,0.1111111111111111,44516,-1.5,1.0,0.0,0.010570409235920028,0.011773121521652904
20260816,1,4,5,51890,4,거,52.5,7,57.3,20260816_1_04,20260816_1_04_05,0.01403323211045189,0,0.3888888888888889,0.3888888888888889,51890,1.5,1.0,0.0,0.01496554605215356,0.01403323211045189
20260816,1,4,6,52134,4,암,52.5,6,14.5,20260816_1_04,20260816_1_04_06,0.05545546206406161,0,0.3888888888888889,0.3888888888888889,52134,0.0,0.0,0.0,0.04812746644572397,0.05545546206406161
20260816,1,4,7,51148,4,수,55.0,9,50.5,20260816_1_04,20260816_1_04_07,0.0159228554441365,0,0.3888888888888889,0.8888888888888888,51148,-0.5,0.0,1.0,0.015143932797104733,0.0159228554441365
20260816,1,4,8,50687,4,수,53.0,2,8.3,20260816_1_04,20260816_1_04_08,0.09688002408781846,0,0.3888888888888889,0.5555555555555556,50687,0.0,0.0,1.0,0.0939483701304241,0.09688002408781846
20260816,1,4,9,45100,7,수,56.5,4,22.6,20260816_1_04,20260816_1_04_09,0.035579831855260764,0,0.9444444444444444,1.0,45100,0.0,0.0,1.0,0.028093921215584565,0.035579831855260764
20260816,1,4,10,46872,5,수,53.5,3,15.1,20260816_1_04,20260816_1_04_10,0.05325193377012539,0,0.7777777777777778,0.6666666666666666,46872,0.0,0.0,1.0,0.045217160638299475,0.05325193377012539
20260816,1,5,1,59225,3,수,53.5,5,4.1,20260816_1_05,20260816_1_05_01,0.1954980036678441,0,0.14285714285714285,0.7142857142857143,59225,0.0,0.0,1.0,0.21373620572515056,0.1954980036678441
20260816,1,5,2,52513,5,수,51.0,7,14.2,20260816_1_05,20260816_1_05_02,0.05644660669282822,0,1.0,0.0,52513,-1.5,0.0,1.0,0.048394136299309505,0.05644660669282822
20260816,1,5,3,57314,3,거,52.5,8,41.5,20260816_1_05,20260816_1_05_03,0.019314260603329175,0,0.14285714285714285,0.2857142857142857,57314,0.0,1.0,0.0,0.023484206228240566,0.019314260603329175
20260816,1,5,4,51112,4,수,54.0,6,5.1,20260816_1_05,20260816_1_05_04,0.1571650617721884,0,0.6428571428571429,0.8571428571428571,51112,0.0,0.0,1.0,0.14485138031656802,0.1571650617721884
20260816,1,5,5,51521,4,암,52.5,2,13.4,20260816_1_05,20260816_1_05_05,0.05981655336105676,0,0.6428571428571429,0.2857142857142857,51521,-1.5,0.0,0.0,0.050290048349414404,0.05981655336105676
20260816,1,5,6,51530,4,수,53.0,3,4.8,20260816_1_05,20260816_1_05_06,0.16698787813295016,0,0.6428571428571429,0.5714285714285714,51530,-4.5,0.0,1.0,0.15485828427715106,0.16698787813295016
20260816,1,5,7,51936,4,수,52.5,4,13.7,20260816_1_05,20260816_1_05_07,0.058506701827602973,0,0.6428571428571429,0.2857142857142857,51936,0.0,0.0,1.0,0.05564741906590264,0.058506701827602973
20260816,1,5,8,60718,3,수,54.5,1,2.8,20260816_1_05,20260816_1_05_08,0.28626493394220026,1,0.14285714285714285,1.0,60718,1.0,0.0,1.0,0.3087383197382634,0.28626493394220026
20260816,1,6,1,61827,3,수,51.0,7,15.6,20260816_1_06,20260816_1_06_01,0.05127976960108673,0,0.14285714285714285,0.07142857142857142,61827,-5.0,0.0,1.0,0.05683377500237997,0.05127976960108673
20260816,1,6,2,55894,4,수,55.0,3,4.5,20260816_1_06,20260816_1_06_02,0.17776986795043398,0,0.5,0.7142857142857143,55894,-2.0,0.0,1.0,0.1703606697434603,0.17776986795043398
20260816,1,6,3,51618,4,수,54.5,6,5.0,20260816_1_06,20260816_1_06_03,0.1599928811553906,0,0.5,0.5714285714285714,51618,-1.5,0.0,1.0,0.15470043883861712,0.1599928811553906
20260816,1,6,4,55087,5,수,55.5,8,9.8,20260816_1_06,20260816_1_06_04,0.08162902099764825,0,0.7857142857142857,0.9285714285714286,55087,0.0,0.0,1.0,0.07073679596252827,0.08162902099764825
20260816,1,6,5,47127,5,암,52.5,5,38.9,20260816_1_06,20260816_1_06_05,0.020564637680641464,0,0.7857142857142857,0.35714285714285715,47127,-0.5,0.0,0.0,0.0162906683166102,0.020564637680641464
20260816,1,6,6,60704,3,수,55.5,1,1.9,20260816_1_06,20260816_1_06_06,0.4210338977773436,1,0.14285714285714285,0.9285714285714286,60704,3.0,0.0,1.0,0.452743655506219,0.4210338977773436
20260816,1,6,7,53972,3,암,51.0,4,14.9,20260816_1_06,20260816_1_06_07,0.05368888629375523,0,0.14285714285714285,0.07142857142857142,53972,-1.5,0.0,0.0,0.0531595281284769,0.05368888629375523
20260816,1,6,8,45888,6,암,52.5,2,23.5,20260816_1_06,20260816_1_06_08,0.03404103854370012,0,1.0,0.35714285714285715,45888,0.0,0.0,0.0,0.025174468501708173,0.03404103854370012
20260816,1,7,1,53224,3,암,56.5,2,1.8,20260816_1_07,20260816_1_07_01,0.44384405991984177,0,0.1875,0.875,53224,1.0,0.0,0.0,0.45678551364458997,0.44384405991984177
20260816,1,7,2,46963,5,암,55.0,7,38.4,20260816_1_07,20260816_1_07_02,0.020805190308742585,0,0.8125,0.75,46963,0.0,0.0,0.0,0.01755023109628432,0.020805190308742585
20260816,1,7,3,51823,4,암,52.5,6,17.7,20260816_1_07,20260816_1_07_03,0.045136684059644924,0,0.5,0.125,51823,0.0,0.0,0.0,0.04363296639723326,0.045136684059644924
20260816,1,7,4,52882,3,암,57.0,3,6.1,20260816_1_07,20260816_1_07_04,0.1309703783370025,0,0.1875,1.0,52882,1.0,0.0,0.0,0.13386408442452932,0.1309703783370025
20260816,1,7,5,46702,5,암,53.5,9,38.5,20260816_1_07,20260816_1_07_05,0.0207511508533952,0,0.8125,0.375,46702,1.5,0.0,0.0,0.017927123224626768,0.0207511508533952
20260816,1,7,6,54308,3,암,54.5,1,5.9,20260816_1_07,20260816_1_07_06,0.13541005217893476,1,0.1875,0.5625,54308,-2.0,0.0,0.0,0.14087732663891106,0.13541005217893476
20260816,1,7,7,47185,5,암,52.5,4,8.5,20260816_1_07,20260816_1_07_07,0.09399050680655473,0,0.8125,0.125,47185,0.0,0.0,0.0,0.0820634442808394,0.09399050680655473
20260816,1,7,8,46818,5,암,54.5,8,18.1,20260816_1_07,20260816_1_07_08,0.04413918827932128,0,0.8125,0.5625,46818,2.0,0.0,0.0,0.037780515562343485,0.04413918827932128
20260816,1,7,9,57306,3,암,52.5,5,12.3,20260816_1_07,20260816_1_07_09,0.06495278925656221,0,0.1875,0.125,57306,0.0,0.0,0.0,0.06951879473064256,0.06495278925656221
20260816,1,8,1,55781,2,수,55.0,2,4.4,20260816_1_08,20260816_1_08_01,0.18284526048912253,0,0.42857142857142855,0.42857142857142855,55781,2.5,0.0,1.0,0.18956770325532707,0.18284526048912253
20260816,1,8,2,61544,2,수,55.0,4,19.7,20260816_1_08,20260816_1_08_02,0.04083853533767204,0,0.42857142857142855,0.42857142857142855,61544,0.0,0.0,1.0,0.04211562846150237,0.04083853533767204
20260816,1,8,3,61135,3,수,56.0,6,5.0,20260816_1_08,20260816_1_08_03,0.16090382923042784,0,1.0,1.0,61135,0.5,0.0,1.0,0.13361955155024186,0.16090382923042784
20260816,1,8,4,62074,2,수,55.0,7,2.3,20260816_1_08,20260816_1_08_04,0.3497909331096257,0,0.42857142857142855,0.42857142857142855,62074,0.0,0.0,1.0,0.36072951334417247,0.3497909331096257
20260816,1,8,5,61577,2,수,55.0,1,5.1,20260816_1_08,20260816_1_08_05,0.15774885218669396,1,0.42857142857142855,0.42857142857142855,61577,-0.5,0.0,1.0,0.16250915541700997,0.15774885218669396
20260816,1,8,6,61530,2,수,55.0,8,33.1,20260816_1_08,20260816_1_08_06,0.024305714385261,0,0.42857142857142855,0.42857142857142855,61530,-0.5,0.0,1.0,0.02503917500382933,0.024305714385261
20260816,1,8,7,61455,2,수,55.0,5,17.5,20260816_1_08,20260816_1_08_07,0.04597252263726509,0,0.42857142857142855,0.42857142857142855,61455,-0.5,0.0,1.0,0.04735981100724291,0.04597252263726509
20260816,1,8,8,55586,2,수,55.0,3,21.4,20260816_1_08,20260816_1_08_08,0.03759435262393174,0,0.42857142857142855,0.42857142857142855,55586,3.5,0.0,1.0,0.03905946196067392,0.03759435262393174
20260816,1,9,1,51756,4,수,53.0,10,12.4,20260816_1_09,20260816_1_09_01,0.06473430713534584,0,0.2,0.4,51756,-3.0,0.0,1.0,0.06939748010965394,0.06473430713534584
20260816,1,9,2,50997,4,수,55.0,9,2.9,20260816_1_09,20260816_1_09_02,0.2767949684407891,0,0.2,0.9,50997,-2.0,0.0,1.0,0.2892855303666753,0.2767949684407891
20260816,1,9,3,54048,5,수,53.0,11,43.6,20260816_1_09,20260816_1_09_03,0.01841067450638276,0,0.65,0.4,54048,0.0,0.0,1.0,0.0171542629786914,0.01841067450638276
20260816,1,9,4,51083,4,수,53.0,3,5.0,20260816_1_09,20260816_1_09_04,0.16054108169565767,0,0.2,0.4,51083,0.5,0.0,1.0,0.17339073996040483,0.16054108169565767
20260816,1,9,5,46657,5,수,55.0,6,7.6,20260816_1_09,20260816_1_09_05,0.10561913269451162,0,0.65,0.9,46657,-2.0,0.0,1.0,0.09533124573817249,0.10561913269451162
20260816,1,9,6,1412323,5,수,52.0,7,31.4,20260816_1_09,20260816_1_09_06,0.025563866512047402,0,0.65,0.0,1412323,-2.5,0.0,1.0,0.024221014941195305,0.025563866512047402
20260816,1,9,7,51286,4,수,53.0,8,21.4,20260816_1_09,20260816_1_09_07,0.037509598527022826,0,0.2,0.4,51286,-1.0,0.0,1.0,0.04038291113018706,0.037509598527022826
20260816,1,9,8,51573,4,거,53.0,4,9.4,20260816_1_09,20260816_1_09_08,0.08539419239130727,0,0.2,0.4,51573,-5.0,1.0,0.0,0.09901453852414598,0.08539419239130727
20260816,1,9,9,45999,6,거,53.0,2,14.9,20260816_1_09,20260816_1_09_09,0.053872846206596534,0,0.95,0.4,45999,-4.0,1.0,0.0,0.04902720591578843,0.053872846206596534
20260816,1,9,10,50004,5,암,55.0,1,6.5,20260816_1_09,20260816_1_09_10,0.12349313976589053,1,0.65,0.9,50004,-1.0,0.0,0.0,0.099052233919202,0.12349313976589053
20260816,1,9,11,45183,6,거,53.0,5,16.7,20260816_1_09,20260816_1_09_11,0.048066192124448404,0,0.95,0.4,45183,-4.0,1.0,0.0,0.04374283641588311,0.048066192124448404
20260816,1,10,1,53227,3,거,52.5,1,4.2,20260816_1_10,20260816_1_10_01,0.18950628506496686,1,0.3,0.2,53227,-4.5,1.0,0.0,0.213348454973252,0.18950628506496686
20260816,1,10,2,46686,5,암,52.5,11,37.6,20260816_1_10,20260816_1_10_02,0.02116825524661864,0,1.0,0.2,46686,0.0,0.0,0.0,0.015636929230232192,0.02116825524661864
20260816,1,10,3,54545,3,암,52.5,5,18.2,20260816_1_10,20260816_1_10_03,0.04373221963037697,0,0.3,0.2,54545,0.0,0.0,0.0,0.040580673262803464,0.04373221963037697
20260816,1,10,4,51147,4,암,52.5,8,31.4,20260816_1_10,20260816_1_10_04,0.025347974435441428,0,0.8,0.2,51147,0.0,0.0,0.0,0.019985271142424134,0.025347974435441428
20260816,1,10,5,51692,4,암,55.5,9,42.1,20260816_1_10,20260816_1_10_05,0.018905615137122585,0,0.8,0.8,51692,3.5,0.0,0.0,0.014528865273867713,0.018905615137122585
20260816,1,10,6,51263,4,수,57.5,3,3.9,20260816_1_10,20260816_1_10_06,0.20408369160842588,0,0.8,1.0,51263,0.0,0.0,1.0,0.17363106490786426,0.20408369160842588
20260816,1,10,7,53240,3,수,54.5,2,10.3,20260816_1_10,20260816_1_10_07,0.0772744075022195,0,0.3,0.6,53240,-0.5,0.0,1.0,0.07901602850533998,0.0772744075022195
20260816,1,10,8,53409,3,수,52.5,10,14.3,20260816_1_10,20260816_1_10_08,0.05565918862047978,0,0.3,0.2,53409,0.0,0.0,1.0,0.058243683460927134,0.05565918862047978
20260816,1,10,9,53480,3,거,54.0,7,27.4,20260816_1_10,20260816_1_10_09,0.029048408659593464,0,0.3,0.5,53480,0.5,1.0,0.0,0.03251060461065265,0.029048408659593464
20260816,1,10,10,54601,3,수,55.0,6,4.3,20260816_1_10,20260816_1_10_10,0.18509916215647926,0,0.3,0.7,54601,0.5,0.0,1.0,0.18863150739913964,0.18509916215647926
20260816,1,10,11,53501,3,거,56.0,4,5.3,20260816_1_10,20260816_1_10_11,0.15017479193827565,0,0.3,0.9,53501,-1.0,1.0,0.0,0.16388691723349688,0.15017479193827565
20260816,3,1,1,53636,3,수,56.0,1,1.8,20260816_3_01,20260816_3_01_01,0.44074788242674623,1,0.35,0.8,53636,-1.0,0.0,1.0,0.44385968810394566,0.44074788242674623
20260816,3,1,2,54180,3,거,56.0,8,32.3,20260816_3_01,20260816_3_01_02,0.024561801497465736,0,0.35,0.8,54180,-1.0,1.0,0.0,0.026867244763272003,0.024561801497465736
20260816,3,1,3,53506,3,수,56.0,10,71.9,20260816_3_01,20260816_3_01_03,0.011034022091351087,0,0.35,0.8,53506,-1.0,0.0,1.0,0.01111192543236582,0.011034022091351087
20260816,3,1,4,51726,4,암,54.0,9,101.1,20260816_3_01,20260816_3_01_04,0.007847143307301121,0,0.85,0.3,51726,-1.0,0.0,0.0,0.006120481050785307,0.007847143307301121
20260816,3,1,5,52443,4,암,51.0,11,21.0,20260816_3_01,20260816_3_01_05,0.03777838992229253,0,0.85,0.0,52443,-1.0,0.0,0.0,0.029956814336225095,0.03777838992229253
20260816,3,1,6,53232,3,암,54.0,7,13.5,20260816_3_01,20260816_3_01_06,0.05876638432356616,0,0.35,0.3,53232,-1.0,0.0,0.0,0.05394533419811267,0.05876638432356616
20260816,3,1,7,47474,5,암,54.0,5,31.3,20260816_3_01,20260816_3_01_07,0.025346523590036522,0,1.0,0.3,47474,-1.0,0.0,0.0,0.018826391805924266,0.025346523590036522
20260816,3,1,8,53883,3,암,54.0,4,5.9,20260816_3_01,20260816_3_01_08,0.1344654556556175,0,0.35,0.3,53883,-1.0,0.0,0.0,0.12343423926686797,0.1344654556556175
20260816,3,1,9,54208,3,거,56.0,2,6.5,20260816_3_01,20260816_3_01_09,0.12205325974894511,0,0.35,0.8,54208,-1.0,1.0,0.0,0.13350953936210558,0.12205325974894511
20260816,3,1,10,53704,3,거,56.0,3,11.4,20260816_3_01,20260816_3_01_10,0.06959177090948625,0,0.35,0.8,53704,1.0,1.0,0.0,0.07644812059049455,0.06959177090948625
20260816,3,1,11,53036,3,거,54.0,6,11.7,20260816_3_01,20260816_3_01_11,0.06780736652719173,0,0.35,0.3,53036,-3.0,1.0,0.0,0.07592022108990115,0.06780736652719173
20260816,3,2,1,55587,2,암,52.5,7,1.3,20260816_3_02,20260816_3_02_01,0.616321633015235,0,0.0,0.2,55587,-1.0,0.0,0.0,0.6200384252144914,0.616321633015235
20260816,3,2,2,54174,3,수,54.0,2,16.4,20260816_3_02,20260816_3_02_02,0.048854763592671074,0,0.2,0.65,54174,1.5,0.0,1.0,0.05092747743082856,0.048854763592671074
20260816,3,2,3,51703,4,거,56.0,4,74.1,20260816_3_02,20260816_3_02_03,0.010812660228337458,0,0.6,0.9,51703,0.0,1.0,0.0,0.01056618346156037,0.010812660228337458
20260816,3,2,4,50971,4,수,54.0,5,16.3,20260816_3_02,20260816_3_02_04,0.04915448606869973,0,0.6,0.65,50971,1.5,0.0,1.0,0.044978778197146733,0.04915448606869973
20260816,3,2,5,51821,4,거,53.5,1,24.3,20260816_3_02,20260816_3_02_05,0.03297193921480682,1,0.6,0.45,51821,-0.5,1.0,0.0,0.03299407010058833,0.03297193921480682
20260816,3,2,6,45757,6,암,51.0,3,52.0,20260816_3_02,20260816_3_02_06,0.015408040825380878,0,1.0,0.0,45757,-1.5,0.0,0.0,0.01130266087294137,0.015408040825380878
20260816,3,2,7,47272,5,수,52.5,9,72.1,20260816_3_02,20260816_3_02_07,0.011112595324823933,0,0.9,0.2,47272,0.0,0.0,1.0,0.0094230660224843,0.011112595324823933
20260816,3,2,8,50883,4,암,53.5,10,21.3,20260816_3_02,20260816_3_02_08,0.03761587431548383,0,0.6,0.45,50883,-0.5,0.0,0.0,0.03072988133199119,0.03761587431548383
20260816,3,2,9,53848,3,거,55.5,6,8.8,20260816_3_02,20260816_3_02_09,0.09104751396815972,0,0.2,0.8,53848,0.5,1.0,0.0,0.10202548700023475,0.09104751396815972
20260816,3,2,10,53624,3,수,56.5,8,10.3,20260816_3_02,20260816_3_02_10,0.07778816727376753,0,0.2,1.0,53624,2.0,0.0,1.0,0.07962431578477289,0.07778816727376753
20260816,3,2,11,50723,4,암,52.5,11,89.9,20260816_3_02,20260816_3_02_11,0.008912326172634098,0,0.6,0.2,50723,0.0,0.0,0.0,0.0073896545829601435,0.008912326172634098
20260816,3,3,1,47409,5,거,54.0,3,4.5,20260816_3_03,20260816_3_03_01,0.17769250299963402,0,0.8888888888888888,0.6111111111111112,47409,1.5,1.0,0.0,0.16347067901650789,0.17769250299963402
20260816,3,3,2,50823,4,암,52.5,10,64.7,20260816_3_03,20260816_3_03_02,0.0123588294203764,0,0.7222222222222222,0.05555555555555555,50823,-3.0,0.0,0.0,0.01000851223638255,0.0123588294203764
20260816,3,3,3,52165,4,암,52.5,5,27.7,20260816_3_03,20260816_3_03_03,0.028867013122684228,0,0.7222222222222222,0.05555555555555555,52165,-0.5,0.0,0.0,0.023501822884753776,0.028867013122684228
20260816,3,3,4,54827,3,거,54.0,6,3.6,20260816_3_03,20260816_3_03_04,0.22211562874954255,0,0.2777777777777778,0.6111111111111112,54827,1.0,1.0,0.0,0.24909313123339125,0.22211562874954255
20260816,3,3,5,55965,3,거,54.0,7,6.4,20260816_3_03,20260816_3_03_05,0.12494004117161767,0,0.2777777777777778,0.6111111111111112,55965,1.5,1.0,0.0,0.14026385839677194,0.12494004117161767
20260816,3,3,6,53374,3,암,53.5,8,7.4,20260816_3_03,20260816_3_03_06,0.10805625182410175,0,0.2777777777777778,0.3333333333333333,53374,-0.5,0.0,0.0,0.10013659864017968,0.10805625182410175
20260816,3,3,7,53826,3,암,53.0,1,5.5,20260816_3_03,20260816_3_03_07,0.14538477518151874,1,0.2777777777777778,0.2222222222222222,53826,0.5,0.0,0.0,0.13584494020883775,0.14538477518151874
20260816,3,3,9,54204,3,수,55.0,2,7.6,20260816_3_03,20260816_3_03_09,0.1052126662497833,0,0.2777777777777778,0.8888888888888888,54204,-2.0,0.0,1.0,0.10629864034391714,0.1052126662497833
20260816,3,3,10,45420,6,거,56.0,9,15.4,20260816_3_03,20260816_3_03_10,0.051923133993399546,0,1.0,1.0,45420,2.0,1.0,0.0,0.04514042505660168,0.051923133993399546
20260816,3,3,11,53275,3,거,54.0,4,34.1,20260816_3_03,20260816_3_03_11,0.023449157287341732,0,0.2777777777777778,0.6111111111111112,53275,0.0,1.0,0.0,0.02624139198265627,0.023449157287341732
20260816,3,4,1,58202,3,거,52.5,9,11.9,20260816_3_04,20260816_3_04_01,0.06678812384562932,0,0.25,0.2,58202,0.0,1.0,0.0,0.07623007431708204,0.06678812384562932
20260816,3,4,2,47401,5,거,52.5,8,79.7,20260816_3_04,20260816_3_04_02,0.009972128905432736,0,1.0,0.2,47401,0.0,1.0,0.0,0.008914327150790729,0.009972128905432736
20260816,3,4,3,51645,4,거,54.5,10,7.2,20260816_3_04,20260816_3_04_03,0.11038592691152625,0,0.7,0.7,51645,-2.0,1.0,0.0,0.10540355695451756,0.11038592691152625
20260816,3,4,4,51246,4,수,56.5,3,11.8,20260816_3_04,20260816_3_04_04,0.06735412489516855,0,0.7,1.0,51246,1.5,0.0,1.0,0.05867466509761701,0.06735412489516855
20260816,3,4,5,61860,2,수,52.5,4,35.6,20260816_3_04,20260816_3_04_05,0.02232524364502778,0,0.0,0.2,61860,0.0,0.0,1.0,0.025450207805712315,0.02232524364502778
20260816,3,4,6,51088,4,수,53.0,7,7.9,20260816_3_04,20260816_3_04_06,0.10060489541303656,0,0.7,0.5,51088,0.5,0.0,1.0,0.08989720977983788,0.10060489541303656
20260816,3,4,7,54219,3,거,55.0,2,2.2,20260816_3_04,20260816_3_04_07,0.36126303352863137,0,0.25,0.9,54219,-2.0,1.0,0.0,0.3950530858125186,0.36126303352863137
20260816,3,4,8,53500,3,수,52.5,6,13.6,20260816_3_04,20260816_3_04_08,0.05843960836492566,0,0.25,0.2,53500,0.0,0.0,1.0,0.061408282476049215,0.05843960836492566
20260816,3,4,9,58201,3,수,52.5,11,70.0,20260816_3_04,20260816_3_04_09,0.011353981053756986,0,0.25,0.2,58201,-1.0,0.0,1.0,0.011905422547118304,0.011353981053756986
20260816,3,4,10,51717,4,거,54.5,1,8.3,20260816_3_04,20260816_3_04_10,0.0957564667184324,1,0.7,0.7,51717,1.0,1.0,0.0,0.09201924939967943,0.0957564667184324
20260816,3,4,11,51060,4,암,54.5,5,8.3,20260816_3_04,20260816_3_04_11,0.0957564667184324,0,0.7,0.7,51060,0.5,0.0,0.0,0.07504391865907684,0.0957564667184324
20260816,3,5,1,46827,5,수,52.5,10,10.8,20260816_3_05,20260816_3_05_01,0.07448813405675034,0,0.55,0.2,46827,0.0,0.0,1.0,0.0699722946503642,0.07448813405675034
20260816,3,5,2,44686,7,거,58.0,2,21.1,20260816_3_05,20260816_3_05_02,0.038126627858431454,0,1.0,1.0,44686,2.0,1.0,0.0,0.0322851740459096,0.038126627858431454
20260816,3,5,3,45317,6,거,53.0,6,25.8,20260816_3_05,20260816_3_05_03,0.03118107937259317,0,0.9,0.55,45317,0.0,1.0,0.0,0.027844368551237682,0.03118107937259317
20260816,3,5,4,50992,4,암,52.5,5,3.8,20260816_3_05,20260816_3_05_04,0.21170311784550097,0,0.15,0.2,50992,0.0,0.0,0.0,0.2008966964619106,0.21170311784550097
20260816,3,5,5,53504,3,수,53.0,1,2.2,20260816_3_05,20260816_3_05_05,0.36566902173313803,1,0.0,0.55,53504,0.5,0.0,1.0,0.40349685455300865,0.36566902173313803
20260816,3,5,6,46685,5,암,52.5,7,13.3,20260816_3_05,20260816_3_05_06,0.06048660509871456,0,0.55,0.2,46685,-0.5,0.0,0.0,0.050331803662737394,0.06048660509871456
20260816,3,5,7,51510,4,수,52.5,3,6.9,20260816_3_05,20260816_3_05_07,0.11659012287143533,0,0.15,0.2,51510,0.0,0.0,1.0,0.12476751794357045,0.11659012287143533
20260816,3,5,8,46715,5,암,52.5,8,21.0,20260816_3_05,20260816_3_05_08,0.03830818322918589,0,0.55,0.2,46715,0.0,0.0,0.0,0.03191070084899352,0.03830818322918589
20260816,3,5,9,47464,5,수,56.0,4,23.9,20260816_3_05,20260816_3_05_09,0.033659909950330705,0,0.55,0.9,47464,0.0,0.0,1.0,0.030423054531438284,0.033659909950330705
20260816,3,5,10,47334,5,거,53.5,9,67.1,20260816_3_05,20260816_3_05_10,0.01198914825354551,0,0.55,0.7,47334,0.5,1.0,0.0,0.011913314790198054,0.01198914825354551
20260816,3,5,11,46863,5,수,54.5,11,45.2,20260816_3_05,20260816_3_05_11,0.017798049730373976,0,0.55,0.8,46863,-0.5,0.0,1.0,0.016158219960631524,0.017798049730373976
20260816,3,6,1,55320,2,수,55.0,6,12.4,20260816_3_06,20260816_3_06_01,0.06320152876461418,0,0.5,0.7142857142857143,55320,2.5,0.0,1.0,0.06717055753010391,0.06320152876461418
20260816,3,6,2,55733,2,수,55.0,5,20.4,20260816_3_06,20260816_3_06_02,0.03841661552358902,0,0.5,0.7142857142857143,55733,-0.5,0.0,1.0,0.04056966814917947,0.03841661552358902
20260816,3,6,4,56045,2,암,53.0,3,1.3,20260816_3_06,20260816_3_06_04,0.6028453512932429,0,0.5,0.14285714285714285,56045,0.0,0.0,0.0,0.583214506935952,0.6028453512932429
20260816,3,6,5,61462,2,거,55.0,8,27.0,20260816_3_06,20260816_3_06_05,0.029025887284489477,0,0.5,0.7142857142857143,61462,-0.5,1.0,0.0,0.03329471517039016,0.029025887284489477
20260816,3,6,6,55979,2,암,53.0,4,21.4,20260816_3_06,20260816_3_06_06,0.0366214465738886,0,0.5,0.14285714285714285,55979,-0.5,0.0,0.0,0.03539129013825677,0.0366214465738886
20260816,3,6,7,55870,2,수,55.0,2,15.0,20260816_3_06,20260816_3_06_07,0.05224659711208106,0,0.5,0.7142857142857143,55870,-0.5,0.0,1.0,0.05517474868288407,0.05224659711208106
20260816,3,6,8,56631,2,수,55.0,7,5.2,20260816_3_06,20260816_3_06_08,0.15071133782331073,0,0.5,0.7142857142857143,56631,-0.5,0.0,1.0,0.15915792889293476,0.15071133782331073
20260816,3,6,9,55526,2,암,53.0,1,29.1,20260816_3_06,20260816_3_06_09,0.02693123562478405,1,0.5,0.14285714285714285,55526,-0.5,0.0,0.0,0.02602658450029879,0.02693123562478405
20260816,3,7,1,51392,4,암,56.0,10,45.8,20260816_3_07,20260816_3_07_01,0.017354915869817245,0,0.7222222222222222,0.6666666666666666,51392,0.5,0.0,0.0,0.013321477006202263,0.017354915869817245
20260816,3,7,2,51512,4,거,55.5,8,13.4,20260816_3_07,20260816_3_07_02,0.0593175482714649,0,0.7222222222222222,0.5555555555555556,51512,-0.5,1.0,0.0,0.055995139349238304,0.0593175482714649
20260816,3,7,3,50869,4,거,53.5,1,30.2,20260816_3_07,20260816_3_07_03,0.026319706848928138,1,0.7222222222222222,0.3888888888888889,50869,0.0,1.0,0.0,0.025101379041558604,0.026319706848928138
20260816,3,7,4,53651,3,거,57.0,3,2.2,20260816_3_07,20260816_3_07_04,0.3612977940171044,0,0.16666666666666666,0.8888888888888888,53651,2.5,1.0,0.0,0.4038665028940153,0.3612977940171044
20260816,3,7,5,53556,3,암,52.5,4,7.0,20260816_3_07,20260816_3_07_05,0.11355073526251852,0,0.16666666666666666,0.1111111111111111,53556,0.5,0.0,0.0,0.10770229475168064,0.11355073526251852
20260816,3,7,6,54111,3,암,52.5,5,5.6,20260816_3_07,20260816_3_07_06,0.14193841907814816,0,0.16666666666666666,0.1111111111111111,54111,0.0,0.0,0.0,0.13448488225951166,0.14193841907814816
20260816,3,7,7,51422,4,거,57.0,2,5.1,20260816_3_07,20260816_3_07_07,0.15585395036031957,0,0.7222222222222222,0.8888888888888888,51422,0.0,1.0,0.0,0.14460079030097933,0.15585395036031957
20260816,3,7,9,51822,4,수,53.5,9,27.6,20260816_3_07,20260816_3_07_09,0.028799099523102525,0,0.7222222222222222,0.3888888888888889,51822,-0.5,0.0,1.0,0.025259601496606898,0.028799099523102525
20260816,3,7,10,53475,3,암,52.5,6,22.2,20260816_3_07,20260816_3_07_10,0.035804285893586925,0,0.16666666666666666,0.1111111111111111,53475,0.0,0.0,0.0,0.03392411444384077,0.035804285893586925
20260816,3,7,11,51054,4,거,57.0,7,13.3,20260816_3_07,20260816_3_07_11,0.05976354487500975,0,0.7222222222222222,0.8888888888888888,51054,2.5,1.0,0.0,0.055743818456366154,0.05976354487500975
20260822,1,1,1,56309,2,암,52.5,6,21.7,20260822_1_01,20260822_1_01_01,0.03673727866153149,0,0.5,0.25,56309,0.0,0.0,0.0,0.035493776674304055,0.03673727866153149
20260822,1,1,2,55439,2,수,54.5,8,4.7,20260822_1_01,20260822_1_01_02,0.16961679722451772,0,0.5,0.8125,55439,-1.0,0.0,1.0,0.1787829813434424,0.16961679722451772
20260822,1,1,3,55547,2,암,52.5,7,20.4,20260822_1_01,20260822_1_01_03,0.03907837975270752,0,0.5,0.25,55547,-1.0,0.0,0.0,0.03767547822725924,0.03907837975270752
20260822,1,1,4,55757,2,수,54.5,1,30.4,20260822_1_01,20260822_1_01_04,0.02622364957089583,1,0.5,0.8125,55757,0.0,0.0,1.0,0.027699597261962333,0.02622364957089583
20260822,1,1,5,55193,2,암,52.5,9,31.2,20260822_1_01,20260822_1_01_05,0.025551248299847222,0,0.5,0.25,55193,0.0,0.0,0.0,0.024686376725397374,0.025551248299847222
20260822,1,1,6,55615,2,암,52.5,3,1.6,20260822_1_01,20260822_1_01_06,0.4982493418470208,0,0.5,0.25,55615,0.0,0.0,0.0,0.4813843461452488,0.4982493418470208
20260822,1,1,8,55304,2,수,54.5,2,5.1,20260822_1_01,20260822_1_01_08,0.15631351901083007,0,0.5,0.8125,55304,-1.0,0.0,1.0,0.16476078672827046,0.15631351901083007
20260822,1,1,9,55657,2,암,52.5,4,53.1,20260822_1_01,20260822_1_01_09,0.015013162842848083,0,0.5,0.25,55657,0.0,0.0,0.0,0.014504989714357788,0.015013162842848083
20260822,1,1,10,55207,2,수,54.5,5,24.0,20260822_1_01,20260822_1_01_10,0.033216622789801385,0,0.5,0.8125,55207,-1.0,0.0,1.0,0.035011667179757476,0.033216622789801385
20260822,1,2,1,51187,4,암,54.0,4,70.1,20260822_1_02,20260822_1_02_01,0.011424571893932154,0,0.8888888888888888,0.2777777777777778,51187,0.0,0.0,0.0,0.00841194890355792,0.011424571893932154
20260822,1,2,2,55300,2,암,52.5,3,3.8,20260822_1_02,20260822_1_02_02,0.21075328678016944,0,0.0,0.0,55300,-1.0,0.0,0.0,0.21005546583483106,0.21075328678016944
20260822,1,2,3,51075,4,암,54.0,8,47.4,20260822_1_02,20260822_1_02_03,0.016895833117397552,0,0.8888888888888888,0.2777777777777778,51075,3.0,0.0,0.0,0.012520028508968606,0.016895833117397552
20260822,1,2,5,55613,3,암,53.0,9,33.6,20260822_1_02,20260822_1_02_05,0.02383519314775726,0,0.3888888888888889,0.1111111111111111,55613,0.0,0.0,0.0,0.02084559058337611,0.02383519314775726
20260822,1,2,6,54869,3,수,56.0,7,23.3,20260822_1_02,20260822_1_02_06,0.03437178067659416,0,0.3888888888888889,0.7222222222222222,54869,0.0,0.0,1.0,0.03277702379634022,0.03437178067659416
20260822,1,2,7,53643,3,거,56.0,2,1.7,20260822_1_02,20260822_1_02_07,0.47109558221449643,0,0.3888888888888889,0.7222222222222222,53643,-1.0,1.0,0.0,0.48692374804420224,0.47109558221449643
20260822,1,2,8,51642,4,거,56.0,10,43.2,20260822_1_02,20260822_1_02_08,0.018538483559366756,0,0.8888888888888888,0.7222222222222222,51642,-1.0,1.0,0.0,0.016280779246881406,0.018538483559366756
20260822,1,2,9,53869,3,거,56.0,5,17.5,20260822_1_02,20260822_1_02_09,0.04576357084369394,0,0.3888888888888889,0.7222222222222222,53869,-0.5,1.0,0.0,0.047351455345223455,0.04576357084369394
20260822,1,2,10,53955,3,수,56.0,1,8.1,20260822_1_02,20260822_1_02_10,0.09887191231662272,1,0.3888888888888889,0.7222222222222222,53955,-1.0,0.0,1.0,0.0940843553199401,0.09887191231662272
20260822,1,2,11,53964,3,거,56.0,6,11.7,20260822_1_02,20260822_1_02_11,0.06844978544996957,0,0.3888888888888889,0.7222222222222222,53964,-1.0,1.0,0.0,0.07074960441667894,0.06844978544996957
20260822,1,3,1,52873,3,암,53.0,3,44.7,20260822_1_03,20260822_1_03_01,0.01798845102966639,0,0.45,0.1,52873,2.0,0.0,0.0,0.018986496735713374,0.01798845102966639
20260822,1,3,2,53489,3,암,54.0,6,57.5,20260822_1_03,20260822_1_03_02,0.013984065409149352,0,0.45,0.6,53489,-1.0,0.0,0.0,0.014267629391377235,0.013984065409149352
20260822,1,3,3,53407,3,암,54.0,7,12.8,20260822_1_03,20260822_1_03_03,0.06281904383016311,0,0.45,0.6,53407,-1.0,0.0,0.0,0.06409286640657745,0.06281904383016311
20260822,1,3,4,54211,3,암,54.0,4,47.6,20260822_1_03,20260822_1_03_04,0.01689251598794302,0,0.45,0.6,54211,-1.0,0.0,0.0,0.017235056512693102,0.01689251598794302
20260822,1,3,5,57280,3,암,54.0,8,11.1,20260822_1_03,20260822_1_03_05,0.07243997847081872,0,0.45,0.6,57280,-1.0,0.0,0.0,0.07390889099136859,0.07243997847081872
20260822,1,3,6,51136,4,암,54.0,9,6.0,20260822_1_03,20260822_1_03_06,0.1340139601710146,0,1.0,0.6,51136,-1.0,0.0,0.0,0.11429898574676982,0.1340139601710146
20260822,1,3,7,53739,3,암,54.0,5,5.7,20260822_1_03,20260822_1_03_07,0.14106732649580486,0,0.45,0.6,53739,-1.0,0.0,0.0,0.14392784035161252,0.14106732649580486
20260822,1,3,8,53349,3,암,54.0,2,2.6,20260822_1_03,20260822_1_03_08,0.3092629850100337,0,0.45,0.6,53349,0.0,0.0,0.0,0.31620542865848555,0.3092629850100337
20260822,1,3,9,52841,3,암,52.0,11,28.2,20260822_1_03,20260822_1_03_09,0.02851360854702439,0,0.45,0.0,52841,-3.0,0.0,0.0,0.02994201091520389,0.02851360854702439
20260822,1,3,10,53990,3,암,54.0,1,4.2,20260822_1_03,20260822_1_03_10,0.19144851453002087,1,0.45,0.6,53990,-1.0,0.0,0.0,0.19533064047718837,0.19144851453002087
20260822,1,3,11,53318,3,암,54.0,10,69.5,20260822_1_03,20260822_1_03_11,0.011569550518360975,0,0.45,0.6,53318,-1.0,0.0,0.0,0.011804153813009947,0.011569550518360975
20260822,1,4,1,53967,3,수,52.0,5,25.3,20260822_1_04,20260822_1_04_01,0.03155852800321413,0,0.3888888888888889,0.2777777777777778,53967,-1.5,0.0,1.0,0.03258980669870748,0.03155852800321413
20260822,1,4,2,54329,3,수,51.5,10,10.5,20260822_1_04,20260822_1_04_02,0.07604102461726833,0,0.3888888888888889,0.1111111111111111,54329,-1.0,0.0,1.0,0.07933455740896937,0.07604102461726833
20260822,1,4,3,47211,5,수,53.5,9,26.1,20260822_1_04,20260822_1_04_03,0.030591216800050478,0,1.0,0.5,47211,0.0,0.0,1.0,0.025654038318035224,0.030591216800050478
20260822,1,4,4,53981,3,암,51.0,4,24.7,20260822_1_04,20260822_1_04_04,0.032325131922320546,0,0.3888888888888889,0.0,53981,0.0,0.0,0.0,0.030153804573587413,0.032325131922320546
20260822,1,4,5,57364,3,수,57.0,1,3.7,20260822_1_04,20260822_1_04_05,0.21579209688684253,1,0.3888888888888889,1.0,57364,4.5,0.0,1.0,0.2168990942799238,0.21579209688684253
20260822,1,4,6,53712,3,거,54.0,3,7.6,20260822_1_04,20260822_1_04_06,0.10505667874754178,0,0.3888888888888889,0.7222222222222222,53712,0.0,1.0,0.0,0.11535761871288512,0.10505667874754178
20260822,1,4,7,52972,3,암,52.0,7,9.6,20260822_1_04,20260822_1_04_07,0.08316987067513724,0,0.3888888888888889,0.2777777777777778,52972,-3.0,0.0,0.0,0.0759193236716973,0.08316987067513724
20260822,1,4,8,53863,3,수,53.5,8,8.3,20260822_1_04,20260822_1_04_08,0.09619647692545993,0,0.3888888888888889,0.5,53863,-3.5,0.0,1.0,0.09771494928307241,0.09619647692545993
20260822,1,4,9,50807,4,거,56.5,6,14.8,20260822_1_04,20260822_1_04_09,0.05394802422171063,0,0.8888888888888888,0.8888888888888888,50807,-0.5,1.0,0.0,0.049819322771999144,0.05394802422171063
20260822,1,4,10,55685,3,수,54.0,2,2.9,20260822_1_04,20260822_1_04_10,0.27532095120045436,0,0.3888888888888889,0.7222222222222222,55685,-3.0,0.0,1.0,0.2765574842811228,0.27532095120045436
20260822,1,5,1,53691,3,거,56.0,5,8.6,20260822_1_05,20260822_1_05_01,0.09255140395091778,0,0.4,0.65,53691,1.5,1.0,0.0,0.0955117392766241,0.09255140395091778
20260822,1,5,2,54310,3,암,55.5,2,20.4,20260822_1_05,20260822_1_05_02,0.03901676833224966,0,0.4,0.45,54310,0.0,0.0,0.0,0.0331302202281361,0.03901676833224966
20260822,1,5,3,57009,2,수,55.0,3,1.8,20260822_1_05,20260822_1_05_03,0.4421900410988294,0,0.0,0.2,57009,2.5,0.0,1.0,0.4916616428848644,0.4421900410988294
20260822,1,5,4,53223,3,거,55.0,1,37.1,20260822_1_05,20260822_1_05_04,0.02145396425816423,1,0.4,0.2,53223,1.0,1.0,0.0,0.02267185767595225,0.02145396425816423
20260822,1,5,5,53523,3,수,56.5,9,9.3,20260822_1_05,20260822_1_05_05,0.08558516924493471,0,0.4,0.85,53523,1.5,0.0,1.0,0.08042282753913527,0.08558516924493471
20260822,1,5,6,51451,4,거,55.5,7,47.7,20260822_1_05,20260822_1_05_06,0.016686416645238844,0,0.85,0.45,51451,1.0,1.0,0.0,0.015020519286632585,0.016686416645238844
20260822,1,5,7,53762,3,암,56.0,4,4.7,20260822_1_05,20260822_1_05_07,0.16934937744210488,0,0.4,0.65,53762,2.5,0.0,0.0,0.14298111266173866,0.16934937744210488
20260822,1,5,8,53260,3,암,52.5,6,24.5,20260822_1_05,20260822_1_05_08,0.0324874315909344,0,0.4,0.0,53260,0.0,0.0,0.0,0.028278457718329993,0.0324874315909344
20260822,1,5,9,50896,4,거,55.0,11,29.5,20260822_1_05,20260822_1_05_09,0.026981087253487895,0,0.85,0.2,50896,-0.5,1.0,0.0,0.02454588208703361,0.026981087253487895
20260822,1,5,10,54085,3,수,57.0,8,14.4,20260822_1_05,20260822_1_05_10,0.05527375513735368,0,0.4,1.0,54085,2.0,0.0,1.0,0.0515670387383624,0.05527375513735368
20260822,1,5,11,47419,5,수,56.5,10,43.2,20260822_1_05,20260822_1_05_11,0.018424585045784557,0,1.0,0.85,47419,0.5,0.0,1.0,0.014208701903190554,0.018424585045784557
20260822,1,6,1,47083,5,암,55.0,2,4.0,20260822_1_06,20260822_1_06_01,0.20177398793959955,0,0.7142857142857143,0.6428571428571429,47083,2.0,0.0,0.0,0.16266249639857464,0.20177398793959955
20260822,1,6,2,53572,3,거,55.0,5,16.4,20260822_1_06,20260822_1_06_02,0.049213167790146235,0,0.07142857142857142,0.6428571428571429,53572,1.0,1.0,0.0,0.05979264280370611,0.049213167790146235
20260822,1,6,3,51202,4,거,53.5,4,22.2,20260822_1_06,20260822_1_06_03,0.03635567350263055,0,0.42857142857142855,0.21428571428571427,51202,1.0,1.0,0.0,0.04025842865143007,0.03635567350263055
20260822,1,6,4,53559,3,수,56.5,1,2.0,20260822_1_06,20260822_1_06_04,0.4035479758791991,1,0.07142857142857142,1.0,53559,2.5,0.0,1.0,0.44401043508254634,0.4035479758791991
20260822,1,6,5,45533,6,거,55.0,7,17.7,20260822_1_06,20260822_1_06_05,0.045598641342282385,0,0.9285714285714286,0.6428571428571429,45533,2.5,1.0,0.0,0.042035431291538916,0.045598641342282385
20260822,1,6,6,51853,4,수,53.0,6,8.2,20260822_1_06,20260822_1_06_06,0.09842633558029247,0,0.42857142857142855,0.0,51853,0.0,0.0,1.0,0.10131944065039451,0.09842633558029247
20260822,1,6,7,51571,4,암,53.5,8,7.8,20260822_1_06,20260822_1_06_07,0.10347383996902543,0,0.42857142857142855,0.21428571428571427,51571,-0.5,0.0,0.0,0.09324574087128812,0.10347383996902543
20260822,1,6,8,45259,6,거,55.0,3,13.1,20260822_1_06,20260822_1_06_08,0.0616103779968243,0,0.9285714285714286,0.6428571428571429,45259,1.5,1.0,0.0,0.05667538425052121,0.0616103779968243
20260822,1,7,1,47427,5,수,57.5,5,4.0,20260822_1_07,20260822_1_07_01,0.2007958804427492,0,0.8125,1.0,47427,0.0,0.0,1.0,0.16843027382744533,0.2007958804427492
20260822,1,7,2,45734,6,거,56.0,3,30.0,20260822_1_07,20260822_1_07_02,0.026772784059033227,0,1.0,0.875,45734,-0.5,1.0,0.0,0.023081506484489218,0.026772784059033227
20260822,1,7,3,52971,3,수,53.5,2,3.8,20260822_1_07,20260822_1_07_03,0.21136408467657808,0,0.0625,0.6875,52971,0.0,0.0,1.0,0.23030335541437008,0.21136408467657808
20260822,1,7,4,51649,4,암,52.5,7,11.1,20260822_1_07,20260822_1_07_04,0.07235887583522495,0,0.4375,0.3125,51649,-4.0,0.0,0.0,0.06263025536057787,0.07235887583522495
20260822,1,7,5,60713,3,수,52.5,4,3.7,20260822_1_07,20260822_1_07_05,0.21707662750567477,0,0.0625,0.3125,60713,0.0,0.0,1.0,0.2414653949235653,0.21707662750567477
20260822,1,7,6,56405,4,거,53.5,1,4.2,20260822_1_07,20260822_1_07_06,0.19123417185023733,1,0.4375,0.6875,56405,0.0,1.0,0.0,0.2002990132101793,0.19123417185023733
20260822,1,7,7,54675,4,수,52.5,6,28.6,20260822_1_07,20260822_1_07_07,0.02808333992206282,0,0.4375,0.3125,54675,0.0,0.0,1.0,0.027645686774519472,0.02808333992206282
20260822,1,7,8,50800,4,암,51.0,8,21.5,20260822_1_07,20260822_1_07_08,0.037357373105627756,0,0.4375,0.0,50800,-0.5,0.0,0.0,0.0331418327029229,0.037357373105627756
20260822,1,7,9,46945,5,수,52.5,9,53.7,20260822_1_07,20260822_1_07_09,0.014956862602811857,0,0.8125,0.3125,46945,-1.0,0.0,1.0,0.013002681301930517,0.014956862602811857
20260822,1,8,1,45240,6,암,57.0,1,8.2,20260822_1_08,20260822_1_08_01,0.0968159639929222,1,1.0,1.0,45240,3.0,0.0,0.0,0.07428345304088846,0.0968159639929222
20260822,1,8,2,52453,5,암,53.0,4,37.9,20260822_1_08,20260822_1_08_02,0.02094698957102802,0,0.8333333333333334,0.8333333333333334,52453,0.0,0.0,0.0,0.017016461373390347,0.02094698957102802
20260822,1,8,3,51020,4,암,52.5,2,6.1,20260822_1_08,20260822_1_08_03,0.13014604995769868,0,0.4166666666666667,0.4166666666666667,51020,-4.5,0.0,0.0,0.12273091112404912,0.13014604995769868
20260822,1,8,4,54880,3,암,52.5,3,1.6,20260822_1_08,20260822_1_08_04,0.4961818154637262,0,0.0,0.4166666666666667,54880,0.0,0.0,0.0,0.541098653536342,0.4961818154637262
20260822,1,8,5,50948,4,암,51.0,6,9.0,20260822_1_08,20260822_1_08_05,0.08821010052688465,0,0.4166666666666667,0.0,50948,-4.0,0.0,0.0,0.08520645983030141,0.08821010052688465
20260822,1,8,6,52083,4,암,52.5,5,8.2,20260822_1_08,20260822_1_08_06,0.0968159639929222,0,0.4166666666666667,0.4166666666666667,52083,0.0,0.0,0.0,0.09217718991053203,0.0968159639929222
20260822,1,8,7,51449,4,암,52.5,7,11.2,20260822_1_08,20260822_1_08_07,0.07088311649481803,0,0.4166666666666667,0.4166666666666667,51449,0.0,0.0,0.0,0.0674868711844967,0.07088311649481803
20260822,1,9,1,47273,5,수,53.0,4,4.0,20260822_1_09,20260822_1_09_01,0.19989090266309334,0,1.0,1.0,47273,0.0,0.0,1.0,0.15962388116695023,0.19989090266309334
20260822,1,9,2,60348,3,거,52.5,7,3.1,20260822_1_09,20260822_1_09_02,0.2579237453717333,0,0.35714285714285715,0.5,60348,-1.5,1.0,0.0,0.28264953922877256,0.2579237453717333
20260822,1,9,3,60725,3,거,52.5,2,20.3,20260822_1_09,20260822_1_09_03,0.03938736998287553,0,0.35714285714285715,0.5,60725,0.0,1.0,0.0,0.04330105178185602,0.03938736998287553
20260822,1,9,4,50959,4,거,52.5,3,14.2,20260822_1_09,20260822_1_09_04,0.056307296524815025,0,0.8571428571428571,0.5,50959,0.0,1.0,0.0,0.05259630024207765,0.056307296524815025
20260822,1,9,5,53698,3,거,52.5,1,3.8,20260822_1_09,20260822_1_09_05,0.21041147648746664,1,0.35714285714285715,0.5,53698,-1.0,1.0,0.0,0.23082767735610632,0.21041147648746664
20260822,1,9,6,55028,3,수,52.5,5,5.1,20260822_1_09,20260822_1_09_06,0.1567771785592889,0,0.35714285714285715,0.5,55028,0.0,0.0,1.0,0.15867805260849774,0.1567771785592889
20260822,1,9,7,60717,3,암,52.5,8,29.2,20260822_1_09,20260822_1_09_07,0.027382315433300455,0,0.35714285714285715,0.5,60717,0.0,0.0,0.0,0.02457592948093141,0.027382315433300455
20260822,1,9,8,53216,3,암,51.0,6,15.4,20260822_1_09,20260822_1_09_08,0.05191971497742683,0,0.35714285714285715,0.0,53216,-1.5,0.0,0.0,0.04774756813480795,0.05191971497742683
20260822,1,10,1,44473,7,거,57.0,7,39.5,20260822_1_10,20260822_1_10_01,0.020428903142312133,0,1.0,1.0,44473,4.5,1.0,0.0,0.01705895277740631,0.020428903142312133
20260822,1,10,2,1412328,5,거,56.5,4,9.0,20260822_1_10,20260822_1_10_02,0.08966018601348102,0,0.55,0.8,1412328,-1.0,1.0,0.0,0.08663467418543251,0.08966018601348102
20260822,1,10,3,45894,6,수,55.0,5,20.7,20260822_1_10,20260822_1_10_03,0.038982689571078706,0,0.85,0.6,45894,-1.5,0.0,1.0,0.03176361105043536,0.038982689571078706
20260822,1,10,4,51041,4,암,54.0,2,6.4,20260822_1_10,20260822_1_10_04,0.1260846365814577,0,0.2,0.4,51041,-2.0,0.0,0.0,0.11371721181032744,0.1260846365814577
20260822,1,10,5,51435,4,수,51.0,3,7.4,20260822_1_10,20260822_1_10_05,0.10904617217855798,0,0.2,0.0,51435,-6.5,0.0,1.0,0.11230164397462863,0.10904617217855798
20260822,1,10,6,51825,4,수,56.5,8,9.9,20260822_1_10,20260822_1_10_06,0.08150926001225547,0,0.2,0.8,51825,0.0,0.0,1.0,0.08144047186297663,0.08150926001225547
20260822,1,10,7,46012,6,거,53.0,9,42.4,20260822_1_10,20260822_1_10_07,0.019031643257578522,0,0.85,0.2,46012,-1.5,1.0,0.0,0.017219191235512767,0.019031643257578522
20260822,1,10,8,47079,5,수,56.5,10,23.1,20260822_1_10,20260822_1_10_08,0.034932540005252345,0,0.55,0.8,47079,2.0,0.0,1.0,0.03127402983245619,0.034932540005252345
20260822,1,10,9,53587,5,암,52.5,11,31.7,20260822_1_10,20260822_1_10_09,0.02545557331613026,0,0.55,0.1,53587,0.0,0.0,0.0,0.020914403086077508,0.02545557331613026
20260822,1,10,10,1412208,5,거,53.5,6,15.7,20260822_1_10,20260822_1_10_10,0.05139755886123116,0,0.55,0.3,1412208,0.0,1.0,0.0,0.05115891093938844,0.05139755886123116
20260822,1,10,11,54132,3,수,54.5,1,2.0,20260822_1_10,20260822_1_10_11,0.4034708370606646,1,0.0,0.5,54132,-1.0,0.0,1.0,0.4365168992453582,0.4034708370606646
