race_id,bet_type,combination,ledger_dividend,official_dividend,absolute_difference,status
20260306_3_01,복승,2-9,33.0,33.0,0.0,PASS
20260307_1_02,복승,5-7,22.8,22.8,0.0,PASS
20260329_1_02,복승,1-3,36.6,36.6,0.0,PASS
20260410_3_02,복승,3-4,43.3,43.3,0.0,PASS
20260417_3_01,복승,5-8,8.7,8.7,0.0,PASS
20260424_3_07,복승,1-8,48.9,48.9,0.0,PASS
20260502_1_08,복승,2-4,30.4,30.4,0.0,PASS
20260517_3_06,복승,3-9,10.0,10.0,0.0,PASS
20260628_3_01,복승,4-7,12.8,12.8,0.0,PASS
20260306_3_01,복승,2-9,33.0,33.0,0.0,PASS
20260307_1_02,복승,5-7,22.8,22.8,0.0,PASS
20260329_1_02,복승,1-3,36.6,36.6,0.0,PASS
20260410_3_02,복승,3-4,43.3,43.3,0.0,PASS
20260417_3_01,복승,5-8,8.7,8.7,0.0,PASS
20260424_3_07,복승,1-8,48.9,48.9,0.0,PASS
20260502_1_08,복승,2-4,30.4,30.4,0.0,PASS
20260517_3_06,복승,3-9,10.0,10.0,0.0,PASS
20260628_3_01,복승,4-7,12.8,12.8,0.0,PASS
20260306_3_01,쌍승,2-9,53.8,53.8,0.0,PASS
20260329_1_02,쌍승,3-1,52.3,52.3,0.0,PASS
20260410_3_02,쌍승,4-3,58.9,58.9,0.0,PASS
20260417_3_01,쌍승,8-5,9.9,9.9,0.0,PASS
20260424_3_07,쌍승,1-8,52.0,52.0,0.0,PASS
20260502_1_08,쌍승,2-4,38.9,38.9,0.0,PASS
20260517_3_06,쌍승,3-9,11.9,11.9,0.0,PASS
20260809_3_05,쌍승,9-4,25.1,25.1,0.0,PASS
20251228_1_01,쌍승,1-7,11.5,11.5,0.0,PASS
20251228_3_05,쌍승,8-10,20.7,20.7,0.0,PASS
20260102_3_03,쌍승,4-7,31.9,31.9,0.0,PASS
20260116_3_05,쌍승,8-5,11.2,11.2,0.0,PASS
20260116_3_09,쌍승,11-8,13.9,13.9,0.0,PASS
20260118_3_05,쌍승,11-1,21.4,21.4,0.0,PASS
20260125_3_03,쌍승,4-11,10.7,10.7,0.0,PASS
20260131_1_06,쌍승,3-4,24.8,24.8,0.0,PASS
20260131_1_09,쌍승,3-6,12.6,12.6,0.0,PASS
20260201_3_06,쌍승,5-6,5.5,5.5,0.0,PASS
20260207_1_09,쌍승,3-5,3.9,3.9,0.0,PASS
20260208_3_02,쌍승,10-7,7.3,7.3,0.0,PASS
20260208_3_07,쌍승,6-9,12.8,12.8,0.0,PASS
20260214_1_01,쌍승,6-8,7.0,7.0,0.0,PASS
20260215_3_01,쌍승,11-2,9.3,9.3,0.0,PASS
20260227_3_09,쌍승,11-6,9.7,9.7,0.0,PASS
20260228_1_11,쌍승,1-5,25.8,25.8,0.0,PASS
20260314_1_08,쌍승,7-11,18.7,18.7,0.0,PASS
20260315_1_04,쌍승,10-7,23.9,23.9,0.0,PASS
20260315_1_05,쌍승,7-9,14.5,14.5,0.0,PASS
20260320_3_03,쌍승,9-5,10.6,10.6,0.0,PASS
20260321_1_07,쌍승,1-2,6.0,6.0,0.0,PASS
20260404_1_05,쌍승,6-4,7.9,7.9,0.0,PASS
20260404_1_07,쌍승,7-6,8.3,8.3,0.0,PASS
20260412_1_04,쌍승,5-3,15.9,15.9,0.0,PASS
20260412_1_08,쌍승,3-9,62.9,62.9,0.0,PASS
20260412_3_02,쌍승,3-9,7.0,7.0,0.0,PASS
20260418_1_07,쌍승,6-1,14.4,14.4,0.0,PASS
20260426_1_05,쌍승,3-8,11.6,11.6,0.0,PASS
20260426_3_01,쌍승,2-3,9.7,9.7,0.0,PASS
20260503_3_01,쌍승,3-1,5.8,5.8,0.0,PASS
20260503_3_06,쌍승,4-2,18.7,18.7,0.0,PASS
20260509_1_04,쌍승,2-4,28.0,28.0,0.0,PASS
20260509_1_08,쌍승,4-3,12.1,12.1,0.0,PASS
20260517_3_04,쌍승,3-2,7.3,7.3,0.0,PASS
20260523_1_07,쌍승,3-9,5.1,5.1,0.0,PASS
20260524_3_03,쌍승,5-2,5.8,5.8,0.0,PASS
20260530_1_03,쌍승,3-9,8.3,8.3,0.0,PASS
20260531_1_01,쌍승,3-7,7.7,7.7,0.0,PASS
20260607_1_01,쌍승,10-3,30.4,30.4,0.0,PASS
20260607_1_09,쌍승,11-10,16.0,16.0,0.0,PASS
20260627_1_10,쌍승,9-2,32.1,32.1,0.0,PASS
20260628_1_03,쌍승,8-10,25.7,25.7,0.0,PASS
20260711_1_03,쌍승,1-7,11.7,11.7,0.0,PASS
20260712_1_03,쌍승,5-3,16.6,16.6,0.0,PASS
20260719_1_04,쌍승,1-10,12.4,12.4,0.0,PASS
20260726_1_06,쌍승,11-8,17.0,17.0,0.0,PASS
20260104_1_01,삼복승,6-9-10,15.0,15.0,0.0,PASS
20260517_3_06,삼복승,3-9-10,15.7,15.7,0.0,PASS
20251228_3_06,삼복승,7-11-12,57.0,57.0,0.0,PASS
20260104_1_01,삼복승,6-9-10,15.0,15.0,0.0,PASS
20260110_1_08,삼복승,1-2-3,31.7,31.7,0.0,PASS
20260111_1_02,삼복승,1-4-6,57.2,57.2,0.0,PASS
20260117_1_11,삼복승,2-5-6,263.8,263.8,0.0,PASS
20260118_1_02,삼복승,3-6-7,77.8,77.8,0.0,PASS
20260329_3_04,삼복승,1-2-3,40.5,40.5,0.0,PASS
20260411_1_06,삼복승,5-7-8,63.5,63.5,0.0,PASS
20260426_1_07,삼복승,6-7-15,212.9,212.9,0.0,PASS
20260502_1_08,삼복승,2-4-9,27.9,27.9,0.0,PASS
20260510_1_03,삼복승,1-8-9,21.1,21.1,0.0,PASS
20260517_3_06,삼복승,3-9-10,15.7,15.7,0.0,PASS
20260531_3_01,삼복승,4-6-8,48.9,48.9,0.0,PASS
20260607_3_01,삼복승,1-9-10,23.8,23.8,0.0,PASS
20260619_3_01,삼복승,7-9-10,17.8,17.8,0.0,PASS
20260808_1_09,삼복승,2-3-9,37.5,37.5,0.0,PASS
20260110_1_08,삼쌍승,3-2-1,97.5,97.5,0.0,PASS
20260117_1_11,삼쌍승,6-5-2,894.3,894.3,0.0,PASS
20260118_1_02,삼쌍승,3-6-7,200.5,200.5,0.0,PASS
20260510_1_03,삼쌍승,8-9-1,62.6,62.6,0.0,PASS
20260531_3_01,삼쌍승,4-6-8,93.0,93.0,0.0,PASS
20260808_1_09,삼쌍승,9-2-3,71.6,71.6,0.0,PASS
20260117_1_04,삼쌍승,5-2-4,43.1,43.1,0.0,PASS
20260214_1_06,삼쌍승,3-5-8,29.9,29.9,0.0,PASS
20260215_1_06,삼쌍승,10-9-1,29.9,29.9,0.0,PASS
20260227_3_03,삼쌍승,11-10-6,38.6,38.6,0.0,PASS
20260302_1_03,삼쌍승,1-2-8,67.9,67.9,0.0,PASS
20260320_3_01,삼쌍승,2-3-6,15.4,15.4,0.0,PASS
20260410_3_01,삼쌍승,4-3-9,13.9,13.9,0.0,PASS
20260412_3_06,삼쌍승,9-3-4,15.0,15.0,0.0,PASS
20260503_3_01,삼쌍승,3-1-11,19.5,19.5,0.0,PASS
20260515_3_03,삼쌍승,1-6-7,4.1,4.1,0.0,PASS
20260516_1_02,삼쌍승,6-8-5,7.2,7.2,0.0,PASS
20260517_1_03,삼쌍승,1-9-4,24.7,24.7,0.0,PASS
20260530_1_01,삼쌍승,2-1-4,18.1,18.1,0.0,PASS
20260605_3_02,삼쌍승,8-10-6,14.9,14.9,0.0,PASS
20260607_1_05,삼쌍승,7-6-8,62.5,62.5,0.0,PASS
20260621_3_01,삼쌍승,3-1-2,27.2,27.2,0.0,PASS
20260808_1_04,삼쌍승,6-3-1,51.9,51.9,0.0,PASS
20260809_1_06,삼쌍승,9-10-5,34.2,34.2,0.0,PASS
20260104_1_01,복연승,6-9,5.7,5.7,0.0,PASS
20260118_3_01,복연승,3-4,7.6,7.6,0.0,PASS
20260227_3_01,복연승,7-8,4.4,4.4,0.0,PASS
20260306_3_01,복연승,2-9,8.7,8.7,0.0,PASS
20260307_1_02,복연승,5-7,4.9,4.9,0.0,PASS
20260417_3_01,복연승,5-8,3.4,3.4,0.0,PASS
20260424_3_07,복연승,1-8,13.8,13.8,0.0,PASS
20260517_3_06,복연승,3-9,4.5,4.5,0.0,PASS
20260104_1_01,복연승,6-9,5.7,5.7,0.0,PASS
20260118_3_01,복연승,3-4,7.6,7.6,0.0,PASS
20260227_3_01,복연승,7-8,4.4,4.4,0.0,PASS
20260306_3_01,복연승,2-9,8.7,8.7,0.0,PASS
20260307_1_02,복연승,5-7,4.9,4.9,0.0,PASS
20260417_3_01,복연승,5-8,3.4,3.4,0.0,PASS
20260424_3_07,복연승,1-8,13.8,13.8,0.0,PASS
20260517_3_06,복연승,3-9,4.5,4.5,0.0,PASS
