venue_code,venue,model_key,races,runners,model_log_loss_per_race,market_log_loss_per_race,delta_ll_per_race,delta_ll_ci_low_daily_block,delta_ll_ci_high_daily_block,delta_ll_bootstrap_probability_positive,delta_ll_confirmed_positive_95pct,model_top1_hit_rate,market_top1_hit_rate,model_brier_all_runners,market_brier_all_runners,brier_improvement_vs_market,maximum_abs_model_probability_sum_error,maximum_abs_market_probability_sum_error
overall,전체,anchor_ensemble,1101,11695,1.7764999298068989,1.7936942706087498,0.017194340801853537,0.009012989509378821,0.02504559118576838,1.0,True,0.3760217983651226,0.3787465940054496,0.07204680070671211,0.07244901061261792,0.0004022099059058093,1.1102230246251565e-15,1.1102230246251565e-15
seoul,서울,anchor_ensemble,635,6639,1.7970921004544171,1.817347791644938,0.02025569119052157,0.009229844191447295,0.03154969262402954,0.9998,True,0.36220472440944884,0.37480314960629924,0.07408115731482733,0.07440562409314848,0.000324466778321153,1.1102230246251565e-15,1.1102230246251565e-15
bugyeong,부경,anchor_ensemble,466,5056,1.748439783109097,1.7614625412997849,0.013022758190685721,0.00180929471101723,0.023551186401790204,0.9884,True,0.3948497854077253,0.38412017167381973,0.06937550056405449,0.06987979445414434,0.0005042938900898519,1.1102230246251565e-15,1.1102230246251565e-15
overall,전체,anchored_base_margin,1101,11695,1.7806108981775326,1.7936942706087498,0.013083372431216371,0.0068906318972643205,0.019688542732803117,1.0,True,0.3751135331516803,0.3787465940054496,0.07220342208998357,0.07244901061261792,0.0002455885226343574,9.992007221626409e-16,1.1102230246251565e-15
seoul,서울,anchored_base_margin,635,6639,1.8007059021418248,1.817347791644938,0.016641889503112788,0.006279445965060584,0.02661966737365535,0.9994,True,0.3637795275590551,0.37480314960629924,0.07417540861101207,0.07440562409314848,0.00023021548213640608,8.881784197001252e-16,1.1102230246251565e-15
bugyeong,부경,anchored_base_margin,466,5056,1.753228221101731,1.7614625412997849,0.008234320198052801,-0.0013519420755101464,0.017690023420800602,0.9532,False,0.3905579399141631,0.38412017167381973,0.06961401969419476,0.06987979445414434,0.00026577475994958577,9.992007221626409e-16,1.1102230246251565e-15
overall,전체,anchored_conditional_logit,1101,11695,1.7797204102781137,1.7936942706087498,0.013973860330636655,0.0020499720884674124,0.025341528963154225,0.9922,True,0.3832879200726612,0.3787465940054496,0.07212586770189659,0.07244901061261792,0.00032314291072133017,9.992007221626409e-16,1.1102230246251565e-15
seoul,서울,anchored_conditional_logit,635,6639,1.8009922991633056,1.817347791644938,0.016355492481631824,0.0005908288643304387,0.03148241807350736,0.9782,True,0.36220472440944884,0.37480314960629924,0.07423903501362375,0.07440562409314848,0.0001665890795247288,9.992007221626409e-16,1.1102230246251565e-15
bugyeong,부경,anchored_conditional_logit,466,5056,1.7507340380847733,1.7614625412997849,0.010728503215010192,-0.006031074259908178,0.02700115812588059,0.8974,False,0.41201716738197425,0.38412017167381973,0.06935108174806816,0.06987979445414434,0.0005287127060761843,8.881784197001252e-16,1.1102230246251565e-15
