fold,split,model_key,segment,rows,races,segment_runners,segment_actual_wins,segment_market_expected_wins,segment_model_expected_wins,segment_actual_to_market_expected_ratio,segment_actual_to_model_expected_ratio,model_log_loss_per_race,market_log_loss_per_race,delta_ll_per_race,delta_ll_ci_low_daily_block,delta_ll_ci_high_daily_block,delta_ll_bootstrap_probability_positive,delta_ll_confirmed_positive_95pct,model_brier_all_runners,market_brier_all_runners,brier_improvement_vs_market,segment_model_brier,segment_market_brier,segment_brier_improvement_vs_market,model_top1_hit_rate,market_top1_hit_rate,maximum_abs_probability_sum_error,market_beta
F1_valid_early,F1_valid_early_evaluation,market_beta_only,odds_8_15,5284,524,976,78.0,72.21257323138877,70.58793336085928,1.0801443088043232,1.105004726533766,1.7898513095954778,1.7904665862366398,0.000615276641161873,-0.0015084852177485659,0.0026022878058536304,0.7046666666666667,False,0.07662887753759492,0.07661394213323,-1.4935404364924132e-05,0.07267583196136121,0.07265752781305711,-1.8304148304101875e-05,0.37786259541984735,0.37786259541984735,4.440892098500626e-16,1.030699901297768
F1_valid_early,F1_valid_early_evaluation,global_29_residual,odds_8_15,5284,524,976,78.0,72.21257323138877,70.82415427520675,1.0801443088043232,1.1013191869105774,1.790876436036351,1.7904665862366398,-0.00040984979971121104,-0.018720922313278977,0.017040007867280504,0.47833333333333333,False,0.07654835194133254,0.07661394213323,6.559019189746051e-05,0.07259581108481562,0.07265752781305711,6.171672824148433e-05,0.3702290076335878,0.37786259541984735,4.440892098500626e-16,
F1_valid_early,F1_valid_early_evaluation,partial_8_15,odds_8_15,5284,524,976,78.0,72.21257323138877,69.65489801881446,1.0801443088043232,1.119806391489245,1.7918294418950584,1.7904665862366398,-0.0013628556584187543,-0.020305359468886872,0.01673946262498077,0.435,False,0.07662856610710136,0.07661394213323,-1.4623973871363827e-05,0.07250249211872825,0.07265752781305711,0.0001550356943288561,0.37213740458015265,0.37786259541984735,4.440892098500626e-16,
F1_valid_early,F1_valid_early_evaluation,partial_30_plus,odds_30_plus,5284,524,1457,21.0,24.646202272748912,20.669100771349193,0.8520582509062467,1.0160093674278026,1.7902731244620191,1.7904665862366398,0.0001934617746205089,-0.016959503019601585,0.0177712434217894,0.5053333333333333,False,0.07653789743594314,0.07661394213323,7.604469728686447e-05,0.014189211252893226,0.014163135228301744,-2.6076024591481506e-05,0.3702290076335878,0.37786259541984735,4.440892098500626e-16,
F2_valid_late,F2_valid_late_evaluation,market_beta_only,odds_8_15,6061,560,1025,71.0,76.37742389188061,74.6009788512059,0.9295940656561963,0.9517301393807692,1.755869653449164,1.7573441465041213,0.001474493054957244,-0.0006496929250167183,0.003488809584583301,0.911,False,0.0696811215178605,0.06970722745651808,2.6105938657580707e-05,0.06411592938249909,0.06413716870124471,2.1239318745619462e-05,0.38035714285714284,0.38035714285714284,4.440892098500626e-16,1.0322475467918082
F2_valid_late,F2_valid_late_evaluation,global_29_residual,odds_8_15,6061,560,1025,71.0,76.37742389188061,75.32794437388003,0.9295940656561963,0.9425453009523416,1.747545375745118,1.7573441465041213,0.009798770759003414,-0.0014685967791059327,0.02093299070054186,0.9553333333333334,False,0.06936504652073332,0.06970722745651808,0.0003421809357847666,0.06385765534988168,0.06413716870124471,0.000279513351363031,0.38392857142857145,0.38035714285714284,4.440892098500626e-16,
F2_valid_late,F2_valid_late_evaluation,partial_8_15,odds_8_15,6061,560,1025,71.0,76.37742389188061,76.90360409309758,0.9295940656561963,0.9232337136507826,1.7482194044933723,1.7573441465041213,0.009124742010749084,-0.0033740052529187587,0.021929698809124983,0.9183333333333333,False,0.06938711212153174,0.06970722745651808,0.00032011533498634004,0.06368614995145616,0.06413716870124471,0.00045101874978854817,0.38035714285714284,0.38035714285714284,4.440892098500626e-16,
F2_valid_late,F2_valid_late_evaluation,partial_30_plus,odds_30_plus,6061,560,2146,24.0,32.49378161851569,26.928129434047207,0.7386028589028326,0.8912613131476946,1.7453440992039952,1.7573441465041213,0.012000047300126125,-0.0002637028101806971,0.02421926410320149,0.9726666666666667,False,0.06934627131106971,0.06970722745651808,0.0003609561454483712,0.011015470167884124,0.011042744889435201,2.7274721551076575e-05,0.38571428571428573,0.38035714285714284,4.440892098500626e-16,
F3_test_early,F3_test_early_evaluation,market_beta_only,odds_8_15,6662,608,1115,88.0,83.24077575263871,81.00615550670236,1.0571741938290433,1.086337198075262,1.7691950887604297,1.7706966127483328,0.0015015239879029483,-0.0006561406100662843,0.0035672145540414763,0.9213333333333333,False,0.06960175495693101,0.06958733986115488,-1.4415095776126874e-05,0.07245377606695615,0.07242862126338145,-2.5154803574692353e-05,0.37993421052631576,0.37993421052631576,4.440892098500626e-16,1.0377449836131913
F3_test_early,F3_test_early_evaluation,global_29_residual,odds_8_15,6662,608,1115,88.0,83.24077575263871,80.90022825798627,1.0571741938290433,1.0877596008675396,1.7612181273783065,1.7706966127483328,0.00947848537002621,-0.002493621251452173,0.02073159128677586,0.9433333333333334,False,0.0694395496078725,0.06958733986115488,0.00014779025328237605,0.0721100175547766,0.07242862126338145,0.000318603708604856,0.37993421052631576,0.37993421052631576,4.440892098500626e-16,
F3_test_early,F3_test_early_evaluation,partial_8_15,odds_8_15,6662,608,1115,88.0,83.24077575263871,80.49254366028572,1.0571741938290433,1.0932689662709516,1.7627915626267359,1.7706966127483328,0.007905050121596889,-0.004623675746087184,0.020883157318353312,0.8866666666666667,False,0.06943550142979839,0.06958733986115488,0.00015183843135649355,0.07231508466683038,0.07242862126338145,0.00011353659655106985,0.3815789473684211,0.37993421052631576,4.440892098500626e-16,
F3_test_early,F3_test_early_evaluation,partial_30_plus,odds_30_plus,6662,608,2315,22.0,35.72600641531767,28.826687474544407,0.6157979076711863,0.7631816877824495,1.7595130195674542,1.7706966127483328,0.011183593180878628,-0.0010780787918955254,0.023546515696294092,0.9626666666666667,False,0.06944256752403646,0.06958733986115488,0.00014477233711841786,0.009436568322035337,0.009464376030320222,2.7807708284885088e-05,0.3815789473684211,0.37993421052631576,4.440892098500626e-16,
F4_test_late,F4_test_late_evaluation,market_beta_only,odds_8_15,5033,493,925,67.0,69.41093990195706,67.32615893865128,0.9652657073169948,0.99515553918725,1.8234139500292061,1.8220564936901578,-0.0013574563390484381,-0.005120379328457508,0.001993134689606303,0.22866666666666666,False,0.07630875365116656,0.07623690064763615,-7.18530035304088e-05,0.066802953320884,0.0667891752255937,-1.37780952902955e-05,0.3772819472616633,0.3772819472616633,4.440892098500626e-16,1.0415428216654303
F4_test_late,F4_test_late_evaluation,global_29_residual,odds_8_15,5033,493,925,67.0,69.41093990195706,67.47263964059842,0.9652657073169948,0.9929950918903426,1.8117805158793294,1.8220564936901578,0.010275977810828257,-0.003705463327830735,0.023917342879612436,0.9303333333333333,False,0.07594048423799792,0.07623690064763615,0.0002964164096382338,0.06680947623186496,0.0667891752255937,-2.0301006271261635e-05,0.3752535496957404,0.3772819472616633,4.440892098500626e-16,
F4_test_late,F4_test_late_evaluation,partial_8_15,odds_8_15,5033,493,925,67.0,69.41093990195706,70.42718704463158,0.9652657073169948,0.9513371584405369,1.8121149767342282,1.8220564936901578,0.009941516955929616,-0.004110916031822186,0.023136378002128265,0.9153333333333333,False,0.07592815087057664,0.07623690064763615,0.000308749777059511,0.06679062241260023,0.0667891752255937,-1.4471870065230208e-06,0.37322515212981744,0.3772819472616633,4.440892098500626e-16,
F4_test_late,F4_test_late_evaluation,partial_30_plus,odds_30_plus,5033,493,1513,15.0,24.48451149825265,18.668767042448273,0.612632194073812,0.8034810207815877,1.8071952458454748,1.8220564936901578,0.014861247844682892,0.0008364630004153573,0.030143887162515037,0.9816666666666667,True,0.07592569610861716,0.07623690064763615,0.0003112045390189916,0.00979164088193528,0.009840563285061697,4.8922403126415784e-05,0.3752535496957404,0.3772819472616633,4.440892098500626e-16,
